{
  "train": [
    {
      "loss": 11.548606246709824,
      "ce": 10.874492079019547,
      "mse": 1.3482283689081669,
      "causal": 0.0,
      "kolmogorov": 0.0
    },
    {
      "loss": 11.541804075241089,
      "ce": 10.86958572268486,
      "mse": 1.3444366864860058,
      "causal": 0.0,
      "kolmogorov": 0.0
    }
  ],
  "val": [
    {
      "loss": 11.550882066999163
    },
    {
      "loss": 11.545731272016253
    }
  ]
}